{"cameraMode":{"drawMode":0,"name":"Shaded","section":"Shading Mode"},"sceneLighting":true,"audioPlay":false,"sceneViewState":{"showFog":true,"showMaterialUpdate":false,"showSkybox":true,"showFlares":true,"showImageEffects":true,"showParticleSystems":true},"in2DMode":false,"pivot":{"x":-0.6494119167327881,"y":6.479889869689941,"z":-1.2583876848220826},"rotation":{"x":0.667249858379364,"y":-0.0018244851380586625,"z":0.001571875181980431,"w":0.7448636293411255},"size":25.187517166137697,"orthographic":true}